Date: ,User:,Invoice ID:,Num Searched files:,Files copied:,Files not on could:,Time saved: (minutes)
3/4/2024, DDGutierrez, #11801,18,13,7,75
3/4/2024, menicolou, #Mark,10,12,1,56
3/5/2024, CMSchooley, #11811,20,14,9,82
3/18/2024, bmqueral, #11835,13,8,5,50
03/22/2024, bmqueral, #11843,6,6,, 30 
04/08/2024, menicolou,  menicolou,1,0,1, 2 
06/04/2024, ADMaloch, #11956,10,15,1, 65 
06/04/2024, ADMaloch, #4343,6,,, 12 
06/04/2024, ADMaloch,  ADMaloch,1,1,, 5 
06/04/2024, ADMaloch, #11681,16,,, 32 
06/10/2024, bmqueral, #11962,12,6,7, 42 
